data_estacao,id,hora_medicao,uf_medicao,estacao_nome,estacao_cod,temp_hora_celsius,temp_media_dia_celsius,maior_temp_dia_celsius,menor_temp_dia_celsius,precipitacao_media_dia_mm,umidade_relativa_ar_media_dia_procentagem,vento_velocidade_media_dia_m_por_s,vento_rajada_media_da_max_dia_m_por_s,latitude_medicao,longitude_medicao
2020-04-30,3339,00:00,ES,VITORIA,A612,"21,2","20,36","33,7","-28,5",0,"68,12","1,16","3,1",-20.270833,-40.305833
2020-08-28,6219,00:00,ES,VITORIA,A612,NULL,"20,35","35,1","-50,6","0,01","61,68","1,97","4,78",-20.270833,-40.305833
2020-08-29,6243,00:00,ES,VITORIA,A612,"20,7","21,58","35,6",-51,0,"59,1","2,06","5,09",-20.270833,-40.305833
2020-10-04,7107,00:00,ES,VITORIA,A612,"23,4","25,33","41,2","-35,8","0,06","57,27","2,68","6,35",-20.270833,-40.305833
2021-04-29,2058,00:00,MG,SAO SEBASTIAO DO PARAISO,A561,NULL,"20,07","33,4","-46,1","0,18","72,99","1,8","4,47",-20.909892,-47.114259
2020-03-07,2043,00:00,ES,VITORIA,A612,22,"21,26","33,3","-34,8","0,25","77,52","1,63","4,19",-20.270833,-40.305833
2020-03-13,2187,00:00,ES,VITORIA,A612,NULL,"23,8","36,4","-33,3","0,12","74,23","1,65","4,25",-20.270833,-40.305833
2020-09-24,6867,00:00,ES,VITORIA,A612,"20,2","20,98",35,"-46,7","0,08","71,23","2,06","4,97",-20.270833,-40.305833
2020-12-18,123,00:00,MG,BURITIS,A544,"23,8","24,49","36,8","-17,6","0,21","72,28","1,66","4,54",-15.524167,-46.435556
2020-05-23,3891,00:00,ES,VITORIA,A612,NULL,"20,39",35,"-44,1","0,18","78,77","2,05","5,26",-20.270833,-40.305833
2021-02-15,306,00:00,MG,SAO SEBASTIAO DO PARAISO,A561,NULL,"23,06","34,6",-29,"0,35","79,46","1,47","4,02",-20.909892,-47.114259
2021-02-02,0,06:00,MG,SAO SEBASTIAO DO PARAISO,A561,NULL,"24,82","38,5","-22,1","0,12","68,63","1,74","4,5",-20.909892,-47.114259
2020-05-08,3531,00:00,ES,VITORIA,A612,"18,9","17,52","27,4","-35,4","0,11","76,96","1,89","4,75",-20.270833,-40.305833
2020-01-17,843,00:00,ES,VITORIA,A612,"27,5","24,29",39,"-16,1","0,59","78,33","2,14","5,41",-20.270833,-40.305833
2021-03-07,786,00:00,MG,SAO SEBASTIAO DO PARAISO,A561,NULL,"22,29","39,2","-31,1","0,7","83,51","1,42","4,01",-20.909892,-47.114259
2020-01-25,1035,00:00,ES,VITORIA,A612,"24,2","22,38","33,2","-12,4","0,68","80,83","1,99","5,14",-20.270833,-40.305833
2020-04-26,3243,00:00,ES,VITORIA,A612,NULL,"21,09","33,2","-34,8","0,01","71,15","1,71","4,07",-20.270833,-40.305833
2020-08-22,6075,00:00,ES,VITORIA,A612,NULL,"14,65","34,5","-47,4","0,46","81,4","2,69","6,32",-20.270833,-40.305833
2020-12-30,411,00:00,MG,BURITIS,A544,"22,4","24,07","36,1","-18,7","0,09","70,85","1,69","4,41",-15.524167,-46.435556
2021-04-21,1866,00:00,MG,SAO SEBASTIAO DO PARAISO,A561,NULL,"20,34","32,7","-47,1","0,1","71,74","1,83","4,6",-20.909892,-47.114259
2020-03-09,2091,00:00,ES,VITORIA,A612,"23,2","22,5","34,1","-36,3","0,13","76,08","1,55","4,02",-20.270833,-40.305833
2020-07-05,4923,00:00,ES,VITORIA,A612,NULL,"19,41","32,5","-44,2","0,01","70,55","1,83","4,41",-20.270833,-40.305833
2020-12-13,3,00:00,MG,BURITIS,A544,"20,6","23,77","34,8","-15,1","0,3","75,51","1,69","4,47",-15.524167,-46.435556
2020-03-11,2139,00:00,ES,VITORIA,A612,"24,5","23,45","35,6","-31,6","0,1","74,15","1,79","4,49",-20.270833,-40.305833
2020-04-13,2931,00:00,ES,VITORIA,A612,"23,6","21,26","34,2","-32,2","0,02","74,38","1,86","4,51",-20.270833,-40.305833
2020-07-02,4851,00:00,ES,VITORIA,A612,NULL,"17,42","32,9","-31,6",0,"68,76","1,42","3,72",-20.270833,-40.305833
2021-01-05,2202,00:00,SP,BRAGANCA PAULISTA,A744,"20,3","24,08","36,1",-18,"0,04","74,47","1,47","3,92",-22.951944,-46.530556
2020-02-25,1779,00:00,ES,VITORIA,A612,"24,2","23,68","36,3","-33,7","0,24","81,68","1,54","4,05",-20.270833,-40.305833
2020-03-29,2571,00:00,ES,VITORIA,A612,"23,6","22,8","33,3","-36,3","0,29","78,51","1,54","3,85",-20.270833,-40.305833
2020-12-12,0,21:00,MG,BURITIS,A544,"22,1","23,32","35,1","-15,7","0,2","79,07","1,52","3,96",-15.524167,-46.435556
2021-04-23,1914,00:00,MG,SAO SEBASTIAO DO PARAISO,A561,NULL,"20,4","33,9","-45,1","0,01","68,82","1,58","4,02",-20.909892,-47.114259
2020-07-21,5307,00:00,ES,VITORIA,A612,NULL,"19,4",32,"-45,5","0,02","66,33","1,53","3,84",-20.270833,-40.305833
2020-11-16,8139,00:00,ES,VITORIA,A612,NULL,"24,01","36,6","-25,6","0,21","75,14","1,74","4,63",-20.270833,-40.305833
2020-06-15,4443,00:00,ES,VITORIA,A612,NULL,"18,86","29,9","-45,9","0,06","75,04","2,41","5,7",-20.270833,-40.305833
2020-04-06,2763,00:00,ES,VITORIA,A612,"22,6","23,45","35,8","-40,5","0,02","74,23","1,53","3,85",-20.270833,-40.305833
2020-05-30,4059,00:00,ES,VITORIA,A612,NULL,"16,85","29,7","-33,9",0,"68,73","1,35","3,42",-20.270833,-40.305833
2020-08-13,5859,00:00,ES,VITORIA,A612,NULL,"21,46","36,1",-33,"0,01","62,44","2,11","5,13",-20.270833,-40.305833
2020-08-20,6027,00:00,ES,VITORIA,A612,NULL,"20,52","35,5","-45,8","0,04","69,28","2,13","5,19",-20.270833,-40.305833
2020-12-16,75,00:00,MG,BURITIS,A544,"22,1","24,79","36,1",-14,"0,07","69,75","1,67","4,44",-15.524167,-46.435556
2021-03-21,1122,00:00,MG,SAO SEBASTIAO DO PARAISO,A561,NULL,"23,32","35,1","-33,2","0,03","71,75","1,76","4,45",-20.909892,-47.114259
2020-08-16,5931,00:00,ES,VITORIA,A612,NULL,"21,17","35,9","-44,4","0,09","67,08","1,87","4,75",-20.270833,-40.305833
2020-09-03,6363,00:00,ES,VITORIA,A612,"19,6","21,54","36,3","-41,6",0,"58,15","2,18","5,31",-20.270833,-40.305833
2020-09-16,6675,00:00,ES,VITORIA,A612,"22,1","22,73","37,3","-36,3","0,01","57,85","2,22","5,42",-20.270833,-40.305833
2020-11-09,7971,00:00,ES,VITORIA,A612,"25,1","24,41","38,8","-27,8","0,16","65,59","2,05","5,13",-20.270833,-40.305833
2021-02-05,66,00:00,MG,SAO SEBASTIAO DO PARAISO,A561,NULL,"24,07","38,3","-20,3","0,58","77,5","1,81","4,98",-20.909892,-47.114259
2020-05-25,3939,00:00,ES,VITORIA,A612,NULL,"17,11","31,4","-45,3","0,23","78,54","1,66","4,43",-20.270833,-40.305833
2021-02-10,186,00:00,MG,SAO SEBASTIAO DO PARAISO,A561,NULL,"22,37","35,6","-25,8","0,17","75,85","1,74","4,48",-20.909892,-47.114259
2020-04-23,3171,00:00,ES,VITORIA,A612,"21,2","20,8","31,4","-41,7","0,02","74,75","1,45","3,67",-20.270833,-40.305833
2020-05-19,3795,00:00,ES,VITORIA,A612,NULL,"19,61","30,8","-38,2","0,02","72,53","1,99","4,69",-20.270833,-40.305833
2020-10-30,7731,00:00,ES,VITORIA,A612,NULL,"22,18","35,9","-30,3","0,63","81,14","2,23","5,57",-20.270833,-40.305833
2021-01-19,2538,00:00,SP,BRAGANCA PAULISTA,A744,"24,4","24,49","36,6","-16,4","0,18","68,16","1,88","4,73",-22.951944,-46.530556
2020-06-10,4323,00:00,ES,VITORIA,A612,NULL,"21,08","32,4",-45,"0,01","73,5","1,41","3,53",-20.270833,-40.305833
2020-07-12,5091,00:00,ES,VITORIA,A612,NULL,"19,73","33,7","-45,9",0,"65,01","1,71","4,27",-20.270833,-40.305833
2020-11-19,8211,00:00,ES,VITORIA,A612,NULL,"21,77","33,7","-18,7","0,69","84,71","1,88","4,84",-20.270833,-40.305833
2020-02-21,1683,00:00,ES,VITORIA,A612,"26,1","24,06","37,9","-25,7","0,58","79,96","1,62","4,37",-20.270833,-40.305833
2020-05-06,3483,00:00,ES,VITORIA,A612,"22,6","20,88","33,6","-44,1","0,02","70,72","1,51","3,81",-20.270833,-40.305833
2020-12-24,267,00:00,MG,BURITIS,A544,"20,6","22,38","35,3",-17,"0,46","80,33","1,79","4,57",-15.524167,-46.435556
2020-08-24,6123,00:00,ES,VITORIA,A612,NULL,"16,82","32,7","-39,3","0,01","66,11","2,32","5,5",-20.270833,-40.305833
2021-01-27,2730,00:00,SP,BRAGANCA PAULISTA,A744,"21,6","24,98",39,"-21,2","0,04","63,65","2,1","5,29",-22.951944,-46.530556
2020-01-21,939,00:00,ES,VITORIA,A612,"21,6","22,73","34,4","-16,7","0,31","79,04","1,76","4,56",-20.270833,-40.305833
2020-07-24,5379,00:00,ES,VITORIA,A612,NULL,"18,93","31,7","-40,8","0,01","64,5","1,94","4,67",-20.270833,-40.305833
2020-08-05,5667,00:00,ES,VITORIA,A612,NULL,"17,4","30,6","-42,1","0,02","63,52","2,15","5,06",-20.270833,-40.305833
2020-11-29,8451,00:00,ES,VITORIA,A612,NULL,"23,88","37,8","-23,8","0,04","65,35","2,2","5,46",-20.270833,-40.305833
2020-02-12,1467,00:00,ES,VITORIA,A612,"23,3","21,9",36,"-23,4","0,47","84,31","1,73","4,5",-20.270833,-40.305833
2020-12-17,99,00:00,MG,BURITIS,A544,"21,9","24,34","35,8","-16,3","0,19","72,29","1,7","4,6",-15.524167,-46.435556
2021-03-22,1146,00:00,MG,SAO SEBASTIAO DO PARAISO,A561,NULL,"23,76","35,5","-32,8","0,01","70,06","1,56","3,96",-20.909892,-47.114259
2020-02-04,1275,00:00,ES,VITORIA,A612,"25,8","23,94","35,5","-15,7","0,37","79,74","1,72","4,55",-20.270833,-40.305833
2020-02-15,1539,00:00,ES,VITORIA,A612,"24,8","24,55","36,5","-25,3","0,08","74,77","1,66","4,34",-20.270833,-40.305833
2021-04-24,1938,00:00,MG,SAO SEBASTIAO DO PARAISO,A561,NULL,"20,89","34,8","-44,7",0,"68,5","1,34","3,45",-20.909892,-47.114259
2021-01-18,2514,00:00,SP,BRAGANCA PAULISTA,A744,22,"24,55","38,5","-15,5","0,08","69,38","1,95","4,96",-22.951944,-46.530556
2021-01-25,2682,00:00,SP,BRAGANCA PAULISTA,A744,21,"24,19","36,1","-20,6","0,06","68,46","1,88","4,75",-22.951944,-46.530556
2020-09-07,6459,00:00,ES,VITORIA,A612,"22,7","22,46","37,7","-37,8",0,"55,32","1,72","4,34",-20.270833,-40.305833
2021-04-25,1962,00:00,MG,SAO SEBASTIAO DO PARAISO,A561,NULL,"21,83","35,2",-45,0,"67,7","1,2","3,12",-20.909892,-47.114259
2020-10-18,7443,00:00,ES,VITORIA,A612,22,"21,23","37,7","-41,1","0,05","69,05","2,5","5,9",-20.270833,-40.305833
2020-05-24,3915,00:00,ES,VITORIA,A612,NULL,"18,27",33,"-45,9","0,34","82,04","1,71","4,49",-20.270833,-40.305833
2020-06-04,4179,00:00,ES,VITORIA,A612,NULL,"19,9","31,5","-35,1","0,03","78,77","1,65","3,99",-20.270833,-40.305833
2020-10-19,7467,00:00,ES,VITORIA,A612,NULL,"21,14","34,3","-37,2","0,11","72,88","2,43","5,77",-20.270833,-40.305833
2020-04-29,3315,00:00,ES,VITORIA,A612,NULL,"19,78","31,9","-24,6","0,01","70,34","1,46","3,65",-20.270833,-40.305833
2020-12-25,291,00:00,MG,BURITIS,A544,"21,4","22,15","34,9","-16,2","0,39","78,27","1,9","4,78",-15.524167,-46.435556
2020-05-10,3579,00:00,ES,VITORIA,A612,"17,4","17,7","29,8","-40,6",0,"69,3","1,81","4,34",-20.270833,-40.305833
2020-12-22,219,00:00,MG,BURITIS,A544,"20,5","23,92",37,"-18,6","0,53","79,73","1,73","4,59",-15.524167,-46.435556
2020-11-06,7899,00:00,ES,VITORIA,A612,"23,5","21,86","36,8","-29,2","0,07","65,74","1,95","4,9",-20.270833,-40.305833
2020-04-21,3123,00:00,ES,VITORIA,A612,"23,3","20,67","31,5","-36,5","0,02","73,86","1,37","3,49",-20.270833,-40.305833
2020-03-10,2115,00:00,ES,VITORIA,A612,24,"23,06","35,5","-35,7","0,12","75,01","1,71","4,31",-20.270833,-40.305833
2020-10-05,7131,00:00,ES,VITORIA,A612,NULL,"25,22","41,9","-37,1","0,02","59,61","2,61","6,06",-20.270833,-40.305833
2021-02-26,570,00:00,MG,SAO SEBASTIAO DO PARAISO,A561,NULL,"22,36","33,6","-23,8","0,4","81,94","1,6","4,26",-20.909892,-47.114259
2020-04-19,3075,00:00,ES,VITORIA,A612,"23,6","20,49","30,7","-34,6","0,04","77,43","1,84","4,47",-20.270833,-40.305833
2020-06-05,4203,00:00,ES,VITORIA,A612,NULL,"19,9","31,1","-36,7","0,04","78,51","1,77","4,25",-20.270833,-40.305833
2021-04-07,1530,00:00,MG,SAO SEBASTIAO DO PARAISO,A561,NULL,"21,1","31,3",-44,"0,18","78,62","1,71","4,29",-20.909892,-47.114259
2020-08-04,5643,00:00,ES,VITORIA,A612,NULL,"16,96","30,4",-45,0,"63,86","1,94","4,61",-20.270833,-40.305833
2020-09-04,6387,00:00,ES,VITORIA,A612,"21,2","22,38","37,6","-43,7",0,"52,87","1,88","4,67",-20.270833,-40.305833
2021-04-15,1722,00:00,MG,SAO SEBASTIAO DO PARAISO,A561,NULL,"20,81","34,4","-41,4","0,01","69,11","1,85","4,53",-20.909892,-47.114259
2020-02-11,1443,00:00,ES,VITORIA,A612,"26,2","22,32","37,7","-25,4","0,83","85,48","1,75","4,71",-20.270833,-40.305833
2020-06-17,4491,00:00,ES,VITORIA,A612,NULL,"18,43","30,4","-43,6","0,02","75,35","2,36","5,61",-20.270833,-40.305833
2020-06-12,4371,00:00,ES,VITORIA,A612,NULL,"21,11","34,2","-43,3",0,"68,81","1,12","2,87",-20.270833,-40.305833
2020-08-09,5763,00:00,ES,VITORIA,A612,NULL,"18,75","31,5",-47,0,"63,37","1,74","4,18",-20.270833,-40.305833
2020-10-29,7707,00:00,ES,VITORIA,A612,"26,7","24,27",37,"-29,4","0,13","67,72","1,98","5,11",-20.270833,-40.305833
2020-05-17,3747,00:00,ES,VITORIA,A612,NULL,"19,15","29,7","-36,7","0,08","77,94","1,16","3,08",-20.270833,-40.305833
2020-06-25,4683,00:00,ES,VITORIA,A612,NULL,"19,22","33,9","-41,2",0,"67,04","1,78","4,37",-20.270833,-40.305833
2020-12-21,195,00:00,MG,BURITIS,A544,"21,6","25,15","37,7","-15,6","0,11","74,09","1,82","4,74",-15.524167,-46.435556
2020-12-23,243,00:00,MG,BURITIS,A544,"19,5","22,73","34,5","-16,7","0,4","81,93","1,69","4,41",-15.524167,-46.435556
2020-07-03,4875,00:00,ES,VITORIA,A612,NULL,"17,76","33,3","-38,1","0,04","69,66","1,35","3,57",-20.270833,-40.305833
2020-08-26,6171,00:00,ES,VITORIA,A612,NULL,"17,13","32,4","-41,6",0,"57,14","2,17","5,16",-20.270833,-40.305833
2020-02-09,1395,00:00,ES,VITORIA,A612,"24,5","23,63","37,3",-21,"0,23","78,6","2,2","5,62",-20.270833,-40.305833
2020-03-21,2379,00:00,ES,VITORIA,A612,"26,5","22,69","36,2","-35,4","0,64","84,69","1,58","4,2",-20.270833,-40.305833
2020-04-14,2955,00:00,ES,VITORIA,A612,"21,8","20,71","31,9","-34,8","0,21","78,76","1,94","4,92",-20.270833,-40.305833
2020-08-07,5715,00:00,ES,VITORIA,A612,NULL,"17,68","30,7","-43,3",0,"62,75","2,03","4,81",-20.270833,-40.305833
2020-10-13,7323,00:00,ES,VITORIA,A612,NULL,"23,59","38,6","-40,8","0,02","63,93","1,95","4,75",-20.270833,-40.305833
2020-12-09,8691,00:00,ES,VITORIA,A612,"25,6","22,73","34,9","-16,8","0,58","80,46","1,52","4,18",-20.270833,-40.305833
2021-02-21,450,00:00,MG,SAO SEBASTIAO DO PARAISO,A561,NULL,"23,53","36,4","-30,7","0,37","77,81","1,8","4,77",-20.909892,-47.114259
2020-11-27,8403,00:00,ES,VITORIA,A612,NULL,"23,74","37,4","-23,8","0,02","66,46","2,01","4,98",-20.270833,-40.305833
2020-02-23,1731,00:00,ES,VITORIA,A612,"25,4","21,67","34,8","-30,2","0,31","81,55","2,02","5,03",-20.270833,-40.305833
2020-09-17,6699,00:00,ES,VITORIA,A612,"19,7","23,81",39,"-27,7",0,"52,79","1,83","4,7",-20.270833,-40.305833
2021-04-26,1986,00:00,MG,SAO SEBASTIAO DO PARAISO,A561,NULL,"22,15","34,9","-43,9","0,02","69,49","1,27","3,31",-20.909892,-47.114259
2020-05-21,3843,00:00,ES,VITORIA,A612,NULL,"19,67","31,4",-38,0,"73,38","1,77","4,22",-20.270833,-40.305833
2020-06-28,4755,00:00,ES,VITORIA,A612,NULL,"17,93","31,8","-35,8","0,02","76,23","1,64","4,17",-20.270833,-40.305833
2021-02-01,2850,00:00,SP,BRAGANCA PAULISTA,A744,22,"24,75","38,9","-19,3","0,11","67,55","1,83","4,72",-22.951944,-46.530556
2020-01-10,675,00:00,ES,VITORIA,A612,"25,9","25,34","36,4","-14,3","0,12","75,48","1,51","4,06",-20.270833,-40.305833
2020-03-03,1947,00:00,ES,VITORIA,A612,"22,8","21,78","35,7","-24,7","0,39","82,53","1,63","4,26",-20.270833,-40.305833
2020-08-23,6099,00:00,ES,VITORIA,A612,NULL,"15,95","34,2","-45,9","0,03","73,29","2,52","5,9",-20.270833,-40.305833
2020-12-20,171,00:00,MG,BURITIS,A544,"25,2","24,72","37,6","-15,7","0,43","75,37","1,7","4,64",-15.524167,-46.435556
2020-02-27,1827,00:00,ES,VITORIA,A612,"27,8","22,81",38,"-36,9","0,53","82,69","1,85","4,9",-20.270833,-40.305833
2020-04-20,3099,00:00,ES,VITORIA,A612,21,"20,73","31,1","-28,6","0,01","75,28","1,53","3,87",-20.270833,-40.305833
2020-07-29,5499,00:00,ES,VITORIA,A612,NULL,"19,97","33,3","-46,7","0,03","65,52","1,75","4,45",-20.270833,-40.305833
2020-11-05,7875,00:00,ES,VITORIA,A612,"21,3","20,69","35,1",-27,"0,07","70,1","1,78","4,71",-20.270833,-40.305833
2021-03-14,954,00:00,MG,SAO SEBASTIAO DO PARAISO,A561,NULL,"23,45","35,7","-34,5","0,13","72,91","1,59","4,13",-20.909892,-47.114259
2020-02-19,1635,00:00,ES,VITORIA,A612,27,"24,78",38,"-22,5","0,13","74,83","1,77","4,62",-20.270833,-40.305833
2021-01-22,2610,00:00,SP,BRAGANCA PAULISTA,A744,"21,8","24,15","35,4","-24,2","0,04","66,01","2,06","5,13",-22.951944,-46.530556
2021-02-06,90,00:00,MG,SAO SEBASTIAO DO PARAISO,A561,NULL,"22,25","34,5",-20,"0,77","81,75","1,78","4,82",-20.909892,-47.114259
2021-03-12,906,00:00,MG,SAO SEBASTIAO DO PARAISO,A561,NULL,"24,03","35,6","-33,7","0,1","74,18","1,4","3,85",-20.909892,-47.114259
2020-10-09,7227,00:00,ES,VITORIA,A612,"25,7","24,99","42,9","-41,3","0,2","63,44","1,96","5,21",-20.270833,-40.305833
2020-04-09,2835,00:00,ES,VITORIA,A612,"22,3","20,54","31,2",-38,"0,18","79,02","1,71","4,34",-20.270833,-40.305833
2020-07-28,5475,00:00,ES,VITORIA,A612,NULL,"20,49","36,7","-45,2",0,"63,3","1,83","4,55",-20.270833,-40.305833
2020-11-10,7995,00:00,ES,VITORIA,A612,NULL,"23,16","36,6","-25,5","0,28","74,31","1,83","4,7",-20.270833,-40.305833
2020-09-13,6603,00:00,ES,VITORIA,A612,"21,6","23,32","38,1","-41,3",0,"50,91","2,4","5,66",-20.270833,-40.305833
2020-06-18,4515,00:00,ES,VITORIA,A612,NULL,"18,18",30,"-46,1","0,01","71,43","1,94","4,8",-20.270833,-40.305833
2021-01-23,2634,00:00,SP,BRAGANCA PAULISTA,A744,"22,3","24,08","35,4","-22,5","0,03","66,63","2,05","5,09",-22.951944,-46.530556
2021-03-09,834,00:00,MG,SAO SEBASTIAO DO PARAISO,A561,NULL,"22,28","35,7","-32,3","0,34","81,86","1,26","3,6",-20.909892,-47.114259
2020-03-05,1995,00:00,ES,VITORIA,A612,"22,8","22,29","33,8","-28,4","0,31","77,98","1,59","4,16",-20.270833,-40.305833
2020-03-06,2019,00:00,ES,VITORIA,A612,"21,9","21,27","33,5","-32,7","0,28","77,98","1,83","4,6",-20.270833,-40.305833
2020-05-09,3555,00:00,ES,VITORIA,A612,"19,6","17,63","29,6","-37,3","0,01","72,38","1,87","4,48",-20.270833,-40.305833
2020-10-06,7155,00:00,ES,VITORIA,A612,NULL,"26,8","42,4",-37,"0,02","53,83","2,08","5,09",-20.270833,-40.305833
2020-10-28,7683,00:00,ES,VITORIA,A612,NULL,"25,13","38,7","-29,5","0,07","63,83","2,06","5,16",-20.270833,-40.305833
2020-11-01,7779,00:00,ES,VITORIA,A612,NULL,"19,57","32,2","-29,2","0,3","76,86","2,53","6,18",-20.270833,-40.305833
2021-03-24,1194,00:00,MG,SAO SEBASTIAO DO PARAISO,A561,NULL,"24,37","35,9","-36,8","0,01","68,42","1,4","3,64",-20.909892,-47.114259
2020-11-28,8427,00:00,ES,VITORIA,A612,"23,2","23,64","36,9","-22,6","0,04","66,51","2,32","5,59",-20.270833,-40.305833
2021-03-10,858,00:00,MG,SAO SEBASTIAO DO PARAISO,A561,NULL,"22,3","36,3","-35,2","0,26","79,58","1,52","4,15",-20.909892,-47.114259
2021-03-15,978,00:00,MG,SAO SEBASTIAO DO PARAISO,A561,NULL,"23,44","35,5","-27,9","0,06","72,46","1,43","3,78",-20.909892,-47.114259
2020-11-02,7803,00:00,ES,VITORIA,A612,"20,9","18,98","31,5","-28,6","0,14","68,15","2,44","5,95",-20.270833,-40.305833
2021-04-28,2034,00:00,MG,SAO SEBASTIAO DO PARAISO,A561,NULL,"21,04",34,"-42,7","0,07","73,44","1,43","3,66",-20.909892,-47.114259
2020-09-09,6507,00:00,ES,VITORIA,A612,"22,5","23,15","38,6","-45,9",0,"56,57","2,04","4,87",-20.270833,-40.305833
2020-10-25,7611,00:00,ES,VITORIA,A612,NULL,"21,41","35,3","-38,7","0,59","82,79","1,82","4,69",-20.270833,-40.305833
2021-03-26,1242,00:00,MG,SAO SEBASTIAO DO PARAISO,A561,NULL,"24,32",36,"-36,6","0,01","68,29","1,5","3,83",-20.909892,-47.114259
2020-05-27,3987,00:00,ES,VITORIA,A612,NULL,"15,74","32,4","-43,6",0,"64,43","1,45","3,62",-20.270833,-40.305833
2020-07-19,5259,00:00,ES,VITORIA,A612,NULL,"17,94","29,3","-51,2","0,02","68,19","1,98","4,75",-20.270833,-40.305833
2020-11-17,8163,00:00,ES,VITORIA,A612,25,"24,01","37,7",-18,"0,24","75,46","1,85","4,94",-20.270833,-40.305833
2020-02-01,1203,00:00,ES,VITORIA,A612,"26,8","24,95","37,6","-23,6","0,3","77,12","1,41","3,91",-20.270833,-40.305833
2020-09-06,6435,00:00,ES,VITORIA,A612,NULL,"22,24","37,3","-39,4",0,"53,95","1,79","4,48",-20.270833,-40.305833
2020-12-03,8547,00:00,ES,VITORIA,A612,"23,7","24,06",38,"-19,5","0,13","74,71","1,84","4,82",-20.270833,-40.305833
2021-04-04,1458,00:00,MG,SAO SEBASTIAO DO PARAISO,A561,NULL,"22,37","35,5","-43,6","0,06","73,95","1,77","4,41",-20.909892,-47.114259
2021-04-30,2082,00:00,MG,SAO SEBASTIAO DO PARAISO,A561,NULL,"19,44","32,6","-45,6","0,02","72,14","2,32","5,42",-20.909892,-47.114259
2020-12-10,8715,00:00,ES,VITORIA,A612,"23,6","22,32","34,3","-13,1","0,53","80,34","1,47","4,02",-20.270833,-40.305833
2021-02-19,402,00:00,MG,SAO SEBASTIAO DO PARAISO,A561,NULL,"23,6","34,3","-29,7","0,43","78,06","1,56","4,21",-20.909892,-47.114259
2020-07-18,5235,00:00,ES,VITORIA,A612,NULL,"18,59","31,3","-50,8",0,"69,62","1,91","4,45",-20.270833,-40.305833
2020-11-22,8283,00:00,ES,VITORIA,A612,"24,3","21,94","35,1","-19,4","0,12","72,98","2,07","5,05",-20.270833,-40.305833
2020-06-20,4563,00:00,ES,VITORIA,A612,NULL,"20,06","32,9","-42,5","0,02","71,96","1,54","3,78",-20.270833,-40.305833
2021-03-02,666,00:00,MG,SAO SEBASTIAO DO PARAISO,A561,NULL,"23,1","34,8","-35,1","0,06","74,31","1,94","4,82",-20.909892,-47.114259
2020-07-23,5355,00:00,ES,VITORIA,A612,NULL,"19,2",32,"-40,1",0,"63,22","1,59","3,91",-20.270833,-40.305833
2020-11-24,8331,00:00,ES,VITORIA,A612,NULL,"22,41","35,7","-21,2","0,16","73,59","2,19","5,34",-20.270833,-40.305833
2020-01-24,1011,00:00,ES,VITORIA,A612,"23,7","21,65","31,3","-15,8","1,36","88,44","2,26","5,65",-20.270833,-40.305833
2021-01-24,2658,00:00,SP,BRAGANCA PAULISTA,A744,"21,3","23,91","36,1","-21,4","0,02","67,36","1,83","4,68",-22.951944,-46.530556
2020-04-17,3027,00:00,ES,VITORIA,A612,"24,4","21,15","32,5","-40,7","0,04","78,08","1,65","4,1",-20.270833,-40.305833
2020-08-12,5835,00:00,ES,VITORIA,A612,NULL,"20,41","34,2",-40,"0,01","62,42",2,"4,88",-20.270833,-40.305833
2020-03-25,2475,00:00,ES,VITORIA,A612,"21,3","20,66","32,1","-43,3","0,07","72,5","1,89","4,62",-20.270833,-40.305833
2020-09-01,6315,00:00,ES,VITORIA,A612,"21,9","22,06","36,7","-39,6","0,01","62,84","2,58","6,05",-20.270833,-40.305833
2020-01-04,531,00:00,ES,VITORIA,A612,"23,1","22,62","32,8","-16,3","0,6","83,54","1,76","4,68",-20.270833,-40.305833
2020-05-12,3627,00:00,ES,VITORIA,A612,NULL,"18,79",31,"-45,1",0,"69,33","1,49","3,64",-20.270833,-40.305833
2020-07-31,5547,00:00,ES,VITORIA,A612,NULL,"18,03","31,1","-49,1","0,16","71,25","2,54","6,06",-20.270833,-40.305833
2020-10-16,7395,00:00,ES,VITORIA,A612,"24,3","21,41","40,9","-41,2","0,1","71,2","2,43","5,79",-20.270833,-40.305833
2021-03-25,1218,00:00,MG,SAO SEBASTIAO DO PARAISO,A561,NULL,"24,27","35,6","-32,9","0,01","68,38","1,6","4,06",-20.909892,-47.114259
2020-03-02,1923,00:00,ES,VITORIA,A612,"23,2","20,96","35,7","-34,9","0,83","83,91","2,07","5,28",-20.270833,-40.305833
2021-04-11,1626,00:00,MG,SAO SEBASTIAO DO PARAISO,A561,NULL,"21,52","34,4","-42,4",0,"64,47","1,4","3,52",-20.909892,-47.114259
2021-04-20,1842,00:00,MG,SAO SEBASTIAO DO PARAISO,A561,NULL,"20,56","31,4","-48,8","0,12","74,32","2,02","5,12",-20.909892,-47.114259
2020-01-11,699,00:00,ES,VITORIA,A612,"25,6","25,75","39,1",-12,"0,13","71,89","1,67","4,38",-20.270833,-40.305833
2020-01-13,747,00:00,ES,VITORIA,A612,"27,4","24,85","38,9","-16,3","0,39","74,87","1,61","4,25",-20.270833,-40.305833
2020-04-24,3195,00:00,ES,VITORIA,A612,NULL,"20,92","32,3","-41,9","0,02","74,49","1,77","4,27",-20.270833,-40.305833
2020-06-16,4467,00:00,ES,VITORIA,A612,NULL,"18,8",30,"-40,9","0,08","76,69","2,19","5,25",-20.270833,-40.305833
2020-08-25,6147,00:00,ES,VITORIA,A612,NULL,"16,77","32,3",-42,"0,01","59,49","2,43","5,78",-20.270833,-40.305833
2020-12-02,8523,00:00,ES,VITORIA,A612,NULL,"23,53","37,3","-21,9","0,26","75,5","1,7","4,4",-20.270833,-40.305833
2020-01-22,963,00:00,ES,VITORIA,A612,"22,2","22,57",33,-18,"0,47","80,08","1,94","4,86",-20.270833,-40.305833
2020-01-28,1107,00:00,ES,VITORIA,A612,"23,9","24,36","36,5","-18,5","0,18","74,96","1,7","4,43",-20.270833,-40.305833
2020-04-28,3291,00:00,ES,VITORIA,A612,NULL,"19,84","30,9","-24,1",0,"69,88","1,85","4,52",-20.270833,-40.305833
2020-03-22,2403,00:00,ES,VITORIA,A612,25,"21,95","33,4","-41,4","0,35","81,77","1,86","4,67",-20.270833,-40.305833
2020-10-12,7299,00:00,ES,VITORIA,A612,"18,1","21,53",37,"-39,6","0,02","65,68","2,03","4,86",-20.270833,-40.305833
2020-07-26,5427,00:00,ES,VITORIA,A612,NULL,"19,11","31,7","-38,3","0,01","68,54","1,97","4,76",-20.270833,-40.305833
2020-06-09,4299,00:00,ES,VITORIA,A612,NULL,"20,72","33,6",-45,"0,03","75,82","1,21","3,13",-20.270833,-40.305833
2021-03-30,1338,00:00,MG,SAO SEBASTIAO DO PARAISO,A561,NULL,"24,12","37,5","-41,2","0,28","70,31","1,54","4,28",-20.909892,-47.114259
2020-01-03,507,00:00,ES,VITORIA,A612,"23,1","22,69","35,3","-17,5","0,71","84,07","1,72","4,61",-20.270833,-40.305833
2020-01-05,555,00:00,ES,VITORIA,A612,"25,3","22,93","35,2","-16,3","0,53","83,57","1,79","4,8",-20.270833,-40.305833
2020-01-07,603,00:00,ES,VITORIA,A612,"26,7","25,09","37,7","-16,7","0,21","77,08","1,67","4,45",-20.270833,-40.305833
2020-02-08,1371,00:00,ES,VITORIA,A612,"24,4","23,05","34,9","-20,1","0,17","78,99",2,"5,04",-20.270833,-40.305833
2021-03-05,738,00:00,MG,SAO SEBASTIAO DO PARAISO,A561,NULL,"23,32","38,1","-28,7","0,26","73,89","1,8","4,73",-20.909892,-47.114259
2021-03-18,1050,00:00,MG,SAO SEBASTIAO DO PARAISO,A561,NULL,"23,44","36,5","-30,9","0,12","73,27","1,64","4,2",-20.909892,-47.114259
2021-04-16,1746,00:00,MG,SAO SEBASTIAO DO PARAISO,A561,NULL,"20,81","33,5","-41,2","0,02","68,61","1,69","4,22",-20.909892,-47.114259
2020-03-08,2067,00:00,ES,VITORIA,A612,"20,8","21,55","33,3",-33,"0,24","77,08","1,61","4,14",-20.270833,-40.305833
2020-05-04,3435,00:00,ES,VITORIA,A612,23,"19,07","31,1","-38,5",0,"70,31","1,63","4,01",-20.270833,-40.305833
2021-02-20,426,00:00,MG,SAO SEBASTIAO DO PARAISO,A561,NULL,"23,67","35,4","-31,5","0,33","77,43","1,64","4,29",-20.909892,-47.114259
2020-11-18,8187,00:00,ES,VITORIA,A612,"25,9","22,32","34,3",-17,"0,57","81,43","1,82","4,92",-20.270833,-40.305833
2020-12-19,147,00:00,MG,BURITIS,A544,"21,9","24,89","37,1","-15,8","0,16","73,13","1,69","4,56",-15.524167,-46.435556
2021-01-09,2298,00:00,SP,BRAGANCA PAULISTA,A744,"21,9","24,94","37,2","-19,3","0,22","76,3","1,45","3,89",-22.951944,-46.530556
2020-03-30,2595,00:00,ES,VITORIA,A612,NULL,"22,91","33,7","-35,2","0,28","79,66","1,5","3,8",-20.270833,-40.305833
2020-06-22,4611,00:00,ES,VITORIA,A612,NULL,"19,21","33,5","-40,1",0,"66,57","1,29","3,26",-20.270833,-40.305833
2021-04-13,1674,00:00,MG,SAO SEBASTIAO DO PARAISO,A561,NULL,"21,94","35,8","-42,3","0,11","68,72","1,66","4,25",-20.909892,-47.114259
2021-04-17,1770,00:00,MG,SAO SEBASTIAO DO PARAISO,A561,NULL,"20,78","35,7","-41,3","0,1","70,97","1,52","3,81",-20.909892,-47.114259
2020-04-03,2691,00:00,ES,VITORIA,A612,"25,6","24,46","37,8",-41,"0,1",74,"2,17","5,45",-20.270833,-40.305833
2020-07-16,5187,00:00,ES,VITORIA,A612,NULL,"18,22","31,7","-41,2","0,04","73,09","2,08","4,98",-20.270833,-40.305833
2020-07-25,5403,00:00,ES,VITORIA,A612,NULL,"19,78","33,7","-41,5",0,"63,54","1,71","4,34",-20.270833,-40.305833
2020-04-27,3267,00:00,ES,VITORIA,A612,NULL,"20,61","31,5","-27,3","0,01","71,1","1,96","4,67",-20.270833,-40.305833
2020-11-04,7851,00:00,ES,VITORIA,A612,"20,1","19,79","33,2","-27,4","0,2","72,71","1,66","4,36",-20.270833,-40.305833
2021-01-01,2106,00:00,SP,BRAGANCA PAULISTA,A744,"20,7","23,64","36,8","-19,8","0,27","74,2","1,4","3,9",-22.951944,-46.530556
2021-03-08,810,00:00,MG,SAO SEBASTIAO DO PARAISO,A561,NULL,"22,17","36,7","-29,5","0,46",83,"1,29","3,64",-20.909892,-47.114259
2020-08-15,5907,00:00,ES,VITORIA,A612,NULL,"21,86","37,4","-46,5","0,02","61,37","2,16","5,38",-20.270833,-40.305833
2020-12-15,51,00:00,MG,BURITIS,A544,"21,8","24,66","36,6","-12,3","0,13","69,06","1,66","4,37",-15.524167,-46.435556
2020-09-11,6555,00:00,ES,VITORIA,A612,"22,5","23,52","38,8","-47,2",0,"52,13","1,85","4,55",-20.270833,-40.305833
2021-04-06,1506,00:00,MG,SAO SEBASTIAO DO PARAISO,A561,NULL,"21,32","34,5","-43,2","0,12","74,99","1,76","4,32",-20.909892,-47.114259
2020-01-06,579,00:00,ES,VITORIA,A612,"25,6","23,93","36,2","-17,9","0,26","80,67","1,78","4,77",-20.270833,-40.305833
2020-02-20,1659,00:00,ES,VITORIA,A612,"25,7","24,81","37,5","-24,7","0,17","74,99","1,7","4,36",-20.270833,-40.305833
2020-04-15,2979,00:00,ES,VITORIA,A612,"23,1","20,97","33,4","-34,9","0,08","79,34","1,42","3,82",-20.270833,-40.305833
2020-05-11,3603,00:00,ES,VITORIA,A612,"20,5","18,16","31,3","-44,6",0,"68,18","1,64","4,02",-20.270833,-40.305833
2020-06-24,4659,00:00,ES,VITORIA,A612,NULL,"18,04","31,1",-40,0,"65,41","1,54","3,89",-20.270833,-40.305833
2020-09-05,6411,00:00,ES,VITORIA,A612,"23,6","22,31","37,4","-43,8",0,"54,45","2,1","5,05",-20.270833,-40.305833
2020-09-22,6819,00:00,ES,VITORIA,A612,24,"19,45","37,2","-46,2","0,73","78,9","2,37","5,67",-20.270833,-40.305833
2020-09-25,6891,00:00,ES,VITORIA,A612,"21,5","22,56","37,6","-45,9",0,"62,45","1,97","4,82",-20.270833,-40.305833
2020-12-31,435,00:00,MG,BURITIS,A544,23,"24,34","39,2","-20,8","0,17","69,99","1,67","4,49",-15.524167,-46.435556
2021-01-26,2706,00:00,SP,BRAGANCA PAULISTA,A744,"22,7","24,5","36,1","-20,4","0,06","68,41","1,98","4,92",-22.951944,-46.530556
2021-01-30,2802,00:00,SP,BRAGANCA PAULISTA,A744,"25,3","25,61","40,2","-20,9","0,03","62,11","1,87","4,79",-22.951944,-46.530556
2021-02-08,138,00:00,MG,SAO SEBASTIAO DO PARAISO,A561,NULL,"20,73","33,5","-24,6","0,58","80,84","1,77","4,62",-20.909892,-47.114259
2020-02-22,1707,00:00,ES,VITORIA,A612,"22,2","23,07",38,-26,"0,56","82,29","1,64","4,45",-20.270833,-40.305833
2020-06-07,4251,00:00,ES,VITORIA,A612,NULL,"19,62","30,8","-40,5","0,17","79,34","1,44","3,72",-20.270833,-40.305833
2021-02-09,162,00:00,MG,SAO SEBASTIAO DO PARAISO,A561,NULL,"21,4",34,"-27,1","0,29","78,52","1,59","4,23",-20.909892,-47.114259
2020-02-10,1419,00:00,ES,VITORIA,A612,28,"23,46","36,5","-22,9","0,91","81,56","1,94","5,15",-20.270833,-40.305833
2021-03-23,1170,00:00,MG,SAO SEBASTIAO DO PARAISO,A561,NULL,"24,14","36,1","-36,5",0,"69,54","1,34","3,53",-20.909892,-47.114259
2020-03-17,2283,00:00,ES,VITORIA,A612,"25,5","24,02","35,7","-38,2","0,25","75,66","1,39","3,81",-20.270833,-40.305833
2020-05-02,3387,00:00,ES,VITORIA,A612,"20,8","21,01","33,8","-37,2","0,04","69,92","1,35","3,52",-20.270833,-40.305833
2020-07-17,5211,00:00,ES,VITORIA,A612,NULL,"18,77","31,9",-43,0,"71,19","1,53","3,87",-20.270833,-40.305833
2021-02-11,210,00:00,MG,SAO SEBASTIAO DO PARAISO,A561,NULL,"22,48","33,9","-26,2","0,26","79,31","1,71","4,42",-20.909892,-47.114259
2020-07-11,5067,00:00,ES,VITORIA,A612,NULL,"19,25","31,6","-46,6","0,01","67,6","1,92","4,62",-20.270833,-40.305833
2020-11-20,8235,00:00,ES,VITORIA,A612,"26,2","21,54","33,5","-21,7","0,25","76,4","2,13","5,4",-20.270833,-40.305833
2020-03-27,2523,00:00,ES,VITORIA,A612,NULL,"21,59","33,1","-41,3","0,03","72,51",2,"4,77",-20.270833,-40.305833
2020-07-07,4971,00:00,ES,VITORIA,A612,NULL,"19,55","32,1","-45,6",0,"66,88","1,79","4,24",-20.270833,-40.305833
2021-04-18,1794,00:00,MG,SAO SEBASTIAO DO PARAISO,A561,NULL,"21,36","36,2","-46,1","0,15","74,21","1,45","3,83",-20.909892,-47.114259
2020-09-18,6723,00:00,ES,VITORIA,A612,"23,6","24,15","38,4","-35,3",0,"52,72","1,86","4,78",-20.270833,-40.305833
2020-09-28,6963,00:00,ES,VITORIA,A612,NULL,"25,98","41,1","-42,1","0,01","49,68","1,96","5,09",-20.270833,-40.305833
2020-12-28,363,00:00,MG,BURITIS,A544,"21,9","22,97","35,4","-18,9","0,18","77,43","1,68","4,38",-15.524167,-46.435556
2020-08-01,5571,00:00,ES,VITORIA,A612,NULL,"18,14","30,6","-48,2","0,02","70,7","2,1","5,07",-20.270833,-40.305833
2020-02-05,1299,00:00,ES,VITORIA,A612,NULL,"23,62","34,7","-16,7","0,48","82,17","1,6","4,23",-20.270833,-40.305833
2020-02-24,1755,00:00,ES,VITORIA,A612,"23,4","21,99","35,2","-32,1","0,26","81,86","1,72","4,3",-20.270833,-40.305833
2020-05-05,3459,00:00,ES,VITORIA,A612,"20,8","19,78","32,3","-44,1",0,"70,64","1,59","3,89",-20.270833,-40.305833
2020-08-11,5811,00:00,ES,VITORIA,A612,NULL,"19,9","33,7","-43,3","0,02","60,73","1,59",4,-20.270833,-40.305833
2021-01-07,2250,00:00,SP,BRAGANCA PAULISTA,A744,"20,1","24,67","37,4","-18,6","0,3","74,5","1,61","4,36",-22.951944,-46.530556
2021-04-08,1554,00:00,MG,SAO SEBASTIAO DO PARAISO,A561,NULL,"20,95","32,6","-44,3","0,02","73,13","2,42","5,64",-20.909892,-47.114259
2020-07-10,5043,00:00,ES,VITORIA,A612,NULL,"18,27","31,8","-46,4",0,"70,02","1,76","4,16",-20.270833,-40.305833
2020-05-14,3675,00:00,ES,VITORIA,A612,NULL,"20,15",33,"-40,5","0,07","79,51","1,27","3,39",-20.270833,-40.305833
2020-08-08,5739,00:00,ES,VITORIA,A612,NULL,"18,25","31,1","-44,9","0,01","63,93","1,78","4,33",-20.270833,-40.305833
2020-08-10,5787,00:00,ES,VITORIA,A612,NULL,"19,31","32,5","-47,3","0,01","61,81","1,67","4,16",-20.270833,-40.305833
2020-12-04,8571,00:00,ES,VITORIA,A612,NULL,"24,72","36,9","-17,5","0,17","73,3","1,65","4,4",-20.270833,-40.305833
2020-06-06,4227,00:00,ES,VITORIA,A612,NULL,"19,98","30,6","-36,9","0,02","76,23","1,61",4,-20.270833,-40.305833
2020-10-03,7083,00:00,ES,VITORIA,A612,NULL,"26,73","42,1","-38,3","0,01","48,97","2,06","5,01",-20.270833,-40.305833
2020-10-15,7371,00:00,ES,VITORIA,A612,NULL,"22,93","40,4","-40,3","0,14","69,52","2,13","5,35",-20.270833,-40.305833
2021-03-20,1098,00:00,MG,SAO SEBASTIAO DO PARAISO,A561,NULL,"23,59","34,6",-33,"0,04","73,25","1,8","4,56",-20.909892,-47.114259
2020-04-07,2787,00:00,ES,VITORIA,A612,"24,9","23,04","34,7","-37,6","0,19","80,17","1,67","4,39",-20.270833,-40.305833
2020-06-27,4731,00:00,ES,VITORIA,A612,NULL,"18,26","31,3",-36,"0,4","76,1","1,93","5,08",-20.270833,-40.305833
2020-12-26,315,00:00,MG,BURITIS,A544,"20,8","22,74","34,6","-16,6","0,24","76,02","1,9","4,86",-15.524167,-46.435556
2020-06-08,4275,00:00,ES,VITORIA,A612,NULL,"20,31",32,"-43,4","0,01","77,64","1,13","2,96",-20.270833,-40.305833
2020-09-08,6483,00:00,ES,VITORIA,A612,"23,1","22,96","37,7","-37,1",0,"56,46","1,82","4,53",-20.270833,-40.305833
2020-08-02,5595,00:00,ES,VITORIA,A612,NULL,"17,73","30,7","-48,1","0,01","67,83","1,97","4,68",-20.270833,-40.305833
2020-11-03,7827,00:00,ES,VITORIA,A612,"18,8","19,12","31,6","-24,5","0,14","70,2","2,1","5,17",-20.270833,-40.305833
2020-01-27,1083,00:00,ES,VITORIA,A612,"22,6","23,7","37,2","-17,7","0,21","73,41","1,48","3,9",-20.270833,-40.305833
2021-02-17,354,00:00,MG,SAO SEBASTIAO DO PARAISO,A561,NULL,"23,5","35,7","-29,1","0,36","79,6","1,45","3,91",-20.909892,-47.114259
2021-02-25,546,00:00,MG,SAO SEBASTIAO DO PARAISO,A561,NULL,"23,25","34,9","-30,9","0,21","76,85","1,47","4,07",-20.909892,-47.114259
2020-02-06,1323,00:00,ES,VITORIA,A612,"26,2","22,88","35,3","-18,1","0,56","83,88","1,61","4,16",-20.270833,-40.305833
2020-03-12,2163,00:00,ES,VITORIA,A612,"23,9","23,59","36,2",-34,"0,13","73,9","1,84","4,61",-20.270833,-40.305833
2020-04-04,2715,00:00,ES,VITORIA,A612,"24,4","22,56","35,8","-38,8","0,05","70,47","1,76","4,58",-20.270833,-40.305833
2020-05-03,3411,00:00,ES,VITORIA,A612,"21,4","20,05","35,9","-39,4","0,09","70,44","1,79","4,54",-20.270833,-40.305833
2020-07-08,4995,00:00,ES,VITORIA,A612,NULL,"19,77","34,2",-47,0,"60,85","1,99","5,02",-20.270833,-40.305833
2021-01-03,2154,00:00,SP,BRAGANCA PAULISTA,A744,NULL,"22,51","37,2","-20,2","0,5","77,79","1,83","4,97",-22.951944,-46.530556
2020-06-21,4587,00:00,ES,VITORIA,A612,NULL,"20,12","35,3","-38,8",0,"69,37","1,68","4,16",-20.270833,-40.305833
2020-06-23,4635,00:00,ES,VITORIA,A612,NULL,"18,16","30,8","-40,6",0,"66,1","1,5","3,72",-20.270833,-40.305833
2021-04-03,1434,00:00,MG,SAO SEBASTIAO DO PARAISO,A561,NULL,"22,36","34,5","-43,6","0,08","72,97","1,57","4,1",-20.909892,-47.114259
2020-04-25,3219,00:00,ES,VITORIA,A612,NULL,"20,81","32,9","-34,3","0,02","72,37","1,79","4,29",-20.270833,-40.305833
2020-05-20,3819,00:00,ES,VITORIA,A612,"20,4","19,6","31,7","-37,4","0,01","73,26","2,12","4,98",-20.270833,-40.305833
2021-01-04,2178,00:00,SP,BRAGANCA PAULISTA,A744,NULL,"22,69","34,7","-17,1","0,34","76,56","1,95","5,19",-22.951944,-46.530556
2021-01-16,2466,00:00,SP,BRAGANCA PAULISTA,A744,"19,4","23,18","36,8",-18,"0,19","78,39","1,99","5,05",-22.951944,-46.530556
2020-02-18,1611,00:00,ES,VITORIA,A612,"26,4","24,89","37,3","-23,8","0,16","74,89","1,95","4,98",-20.270833,-40.305833
2021-04-02,1410,00:00,MG,SAO SEBASTIAO DO PARAISO,A561,NULL,"22,35","34,7","-38,1","0,07","70,53","1,8","4,54",-20.909892,-47.114259
2021-02-27,594,00:00,MG,SAO SEBASTIAO DO PARAISO,A561,NULL,"22,01","33,2","-27,9","0,29","82,5","1,72","4,38",-20.909892,-47.114259
2020-11-26,8379,00:00,ES,VITORIA,A612,NULL,"23,59","38,1",-23,"0,05","68,22","2,16","5,36",-20.270833,-40.305833
2020-12-08,8667,00:00,ES,VITORIA,A612,NULL,"23,4","35,1","-19,1","0,47","79,78","1,81","4,76",-20.270833,-40.305833
2020-09-19,6747,00:00,ES,VITORIA,A612,"23,4","24,76","39,5","-38,6",0,"51,94","1,79","4,46",-20.270833,-40.305833
2020-05-13,3651,00:00,ES,VITORIA,A612,"19,5","19,4","31,9","-37,4","0,01","74,04","1,56","3,89",-20.270833,-40.305833
2020-11-13,8067,00:00,ES,VITORIA,A612,"25,2","23,08","35,9","-25,4","0,38","76,95","1,64","4,35",-20.270833,-40.305833
2020-01-02,483,00:00,ES,VITORIA,A612,"25,4","23,68","37,1","-14,7","0,79","79,18","1,8","4,95",-20.270833,-40.305833
2020-06-26,4707,00:00,ES,VITORIA,A612,NULL,"19,45","31,4",-42,"0,07","72,17","1,52","3,97",-20.270833,-40.305833
2020-01-09,651,00:00,ES,VITORIA,A612,"26,1","24,72","36,7","-15,8","0,23","78,56","1,44","3,89",-20.270833,-40.305833
2021-01-10,2322,00:00,SP,BRAGANCA PAULISTA,A744,"21,7","24,69","37,3","-19,4","0,39","78,44","1,7","4,47",-22.951944,-46.530556
2020-01-31,1179,00:00,ES,VITORIA,A612,26,"24,98","38,8","-23,8","0,16","76,57","1,7","4,53",-20.270833,-40.305833
2020-01-26,1059,00:00,ES,VITORIA,A612,"21,7","22,89","34,3",-19,"0,29","75,81","1,36","3,65",-20.270833,-40.305833
2020-04-12,2907,00:00,ES,VITORIA,A612,"24,1","21,09","32,8","-41,2","0,07","76,44","1,66","4,17",-20.270833,-40.305833
2020-08-03,5619,00:00,ES,VITORIA,A612,NULL,"17,09","29,7","-48,5",0,"64,03","1,91","4,6",-20.270833,-40.305833
2021-03-17,1026,00:00,MG,SAO SEBASTIAO DO PARAISO,A561,NULL,"23,72","35,7","-32,1","0,06","71,17","1,54","4,09",-20.909892,-47.114259
2021-03-28,1290,00:00,MG,SAO SEBASTIAO DO PARAISO,A561,NULL,"24,52","37,9","-40,3","0,1","67,75","1,34","3,61",-20.909892,-47.114259
2020-02-13,1491,00:00,ES,VITORIA,A612,"23,5","22,21","37,2",-25,"0,64","82,31","1,71","4,52",-20.270833,-40.305833
2020-08-17,5955,00:00,ES,VITORIA,A612,NULL,"20,98","35,9","-47,9","0,17","70,77","1,96","4,94",-20.270833,-40.305833
2020-08-21,6051,00:00,ES,VITORIA,A612,NULL,"16,85",36,"-46,2","0,21",77,"2,55","6,17",-20.270833,-40.305833
2020-09-14,6627,00:00,ES,VITORIA,A612,"22,7","23,31","37,6",-41,"0,01","50,13","1,98","4,96",-20.270833,-40.305833
2021-02-12,234,00:00,MG,SAO SEBASTIAO DO PARAISO,A561,NULL,"22,31","33,8","-25,3","0,33","82,18","1,62","4,18",-20.909892,-47.114259
2020-01-18,867,00:00,ES,VITORIA,A612,"26,9","23,05","37,7",-15,"0,26","77,67","2,24","5,52",-20.270833,-40.305833
2020-02-14,1515,00:00,ES,VITORIA,A612,"24,2","23,22","35,7","-26,5","0,07","77,37","1,54","4,18",-20.270833,-40.305833
2020-07-15,5163,00:00,ES,VITORIA,A612,NULL,"18,8","33,5","-39,1","0,05","72,76","1,93","4,64",-20.270833,-40.305833
2020-10-11,7275,00:00,ES,VITORIA,A612,"23,4","21,29","36,5","-44,1","0,08","64,41","2,42","5,76",-20.270833,-40.305833
2020-08-27,6195,00:00,ES,VITORIA,A612,NULL,"18,82","33,3","-47,1",0,"60,03","1,85","4,51",-20.270833,-40.305833
2021-02-22,474,00:00,MG,SAO SEBASTIAO DO PARAISO,A561,NULL,"23,43","35,6","-32,6","0,36","77,3","1,57","4,34",-20.909892,-47.114259
2020-02-26,1803,00:00,ES,VITORIA,A612,"26,4","23,89","38,4","-34,8","0,56","83,16","1,72","4,63",-20.270833,-40.305833
2020-03-14,2211,00:00,ES,VITORIA,A612,"24,2","23,92","36,4","-31,4","0,1","74,74","1,69","4,35",-20.270833,-40.305833
2020-03-24,2451,00:00,ES,VITORIA,A612,"23,5","20,87","32,1","-43,3","0,06","73,3","2,19","5,32",-20.270833,-40.305833
2020-11-15,8115,00:00,ES,VITORIA,A612,NULL,"23,99","37,4","-23,7","0,13","75,18","1,51",4,-20.270833,-40.305833
2021-01-14,2418,00:00,SP,BRAGANCA PAULISTA,A744,21,"23,56","36,5","-21,8","0,42","76,82","2,01","5,14",-22.951944,-46.530556
2021-03-04,714,00:00,MG,SAO SEBASTIAO DO PARAISO,A561,NULL,"23,45","37,6","-31,6","0,08","71,42","1,65","4,23",-20.909892,-47.114259
2020-01-08,627,00:00,ES,VITORIA,A612,"26,8","24,74","37,7","-16,5","0,43","80,36","1,61","4,4",-20.270833,-40.305833
2020-07-14,5139,00:00,ES,VITORIA,A612,NULL,"19,92","33,4","-38,1","0,04","68,67","1,48","3,75",-20.270833,-40.305833
2020-07-27,5451,00:00,ES,VITORIA,A612,NULL,"20,12","31,8","-38,4","0,01","67,9","1,96","4,77",-20.270833,-40.305833
2020-06-19,4539,00:00,ES,VITORIA,A612,NULL,"18,77","33,2","-45,4","0,04","72,49","1,39","3,6",-20.270833,-40.305833
2021-01-17,2490,00:00,SP,BRAGANCA PAULISTA,A744,"21,7","23,79","37,2","-16,1","0,17","74,23","2,15","5,38",-22.951944,-46.530556
2021-02-16,330,00:00,MG,SAO SEBASTIAO DO PARAISO,A561,NULL,"23,68","36,4",-23,"0,18","78,02","1,44","3,95",-20.909892,-47.114259
2020-05-16,3723,00:00,ES,VITORIA,A612,NULL,"19,24","31,9","-35,1","0,18","82,23","1,26","3,39",-20.270833,-40.305833
2020-09-26,6915,00:00,ES,VITORIA,A612,NULL,"23,72","40,4","-45,5",0,"55,96","1,98","4,91",-20.270833,-40.305833
2020-01-12,723,00:00,ES,VITORIA,A612,27,"25,64","39,2","-14,5","0,3","72,85","1,45","3,99",-20.270833,-40.305833
2020-01-30,1155,00:00,ES,VITORIA,A612,"26,4","25,28","38,8","-22,7","0,19","76,51","1,82","4,84",-20.270833,-40.305833
2020-03-19,2331,00:00,ES,VITORIA,A612,"24,1","24,12","35,7","-34,4","0,16","77,65","1,36","3,78",-20.270833,-40.305833
2021-01-21,2586,00:00,SP,BRAGANCA PAULISTA,A744,"22,4","24,45",36,"-21,1","0,02","65,48","2,08","5,07",-22.951944,-46.530556
2020-05-01,3363,00:00,ES,VITORIA,A612,"21,2","20,58","33,6","-30,9",0,"69,01","1,1","2,91",-20.270833,-40.305833
2020-09-27,6939,00:00,ES,VITORIA,A612,"23,5","25,28","40,8","-41,6","0,01","48,79","1,99","4,93",-20.270833,-40.305833
2021-03-13,930,00:00,MG,SAO SEBASTIAO DO PARAISO,A561,NULL,"23,89","35,4","-32,3","0,11","72,57","1,54",4,-20.909892,-47.114259
2020-03-16,2259,00:00,ES,VITORIA,A612,"23,7","24,05","36,6","-36,8","0,11","73,85","1,54","4,14",-20.270833,-40.305833
2020-06-14,4419,00:00,ES,VITORIA,A612,NULL,"19,98","31,9","-45,2","0,03","71,73","2,09","5,01",-20.270833,-40.305833
2020-12-01,8499,00:00,ES,VITORIA,A612,"24,3","24,08","42,5","-23,3","0,24","70,09","1,67","4,44",-20.270833,-40.305833
2021-04-14,1698,00:00,MG,SAO SEBASTIAO DO PARAISO,A561,NULL,"21,31","34,2","-42,7","0,01","68,07","1,97","4,82",-20.909892,-47.114259
2020-01-19,891,00:00,ES,VITORIA,A612,"24,6","23,66","37,4","-18,4","0,1","75,36","1,89","4,75",-20.270833,-40.305833
2020-03-01,1899,00:00,ES,VITORIA,A612,24,"22,13","34,9",-27,"0,95","83,81","1,84","4,82",-20.270833,-40.305833
2020-11-11,8019,00:00,ES,VITORIA,A612,NULL,"23,6","37,6","-23,8","0,22","73,84","1,67","4,37",-20.270833,-40.305833
2020-02-29,1875,00:00,ES,VITORIA,A612,"23,1","22,16","35,3","-35,3","0,43","84,04","1,62","4,23",-20.270833,-40.305833
2020-04-01,2643,00:00,ES,VITORIA,A612,25,"23,41","34,7","-39,2","0,17","76,8","1,48","3,79",-20.270833,-40.305833
2020-04-10,2859,00:00,ES,VITORIA,A612,"20,9","20,57","32,1","-40,6","0,05","76,42","1,43","3,68",-20.270833,-40.305833
2021-03-01,642,00:00,MG,SAO SEBASTIAO DO PARAISO,A561,NULL,"22,68","33,3","-34,2","0,09","76,8","1,95","4,9",-20.909892,-47.114259
2020-05-28,4011,00:00,ES,VITORIA,A612,"16,8","15,89",30,"-43,8",0,"65,35","1,45","3,59",-20.270833,-40.305833
2020-01-23,987,00:00,ES,VITORIA,A612,23,"21,55","30,9","-16,7","1,03","88,76","1,8","4,57",-20.270833,-40.305833
2020-12-27,339,00:00,MG,BURITIS,A544,"22,5","22,99","35,3","-17,8","0,46","78,37","1,78","4,54",-15.524167,-46.435556
2021-03-29,1314,00:00,MG,SAO SEBASTIAO DO PARAISO,A561,NULL,"24,47","37,5","-40,8","0,06","68,87","1,39","3,63",-20.909892,-47.114259
2021-04-19,1818,00:00,MG,SAO SEBASTIAO DO PARAISO,A561,NULL,"21,25","36,4","-48,9","0,17","76,83","1,67","4,35",-20.909892,-47.114259
2020-03-15,2235,00:00,ES,VITORIA,A612,"23,6","24,08","36,2","-35,4","0,08","74,2","1,71","4,41",-20.270833,-40.305833
2020-03-26,2499,00:00,ES,VITORIA,A612,NULL,"20,95","32,3","-44,3","0,02","72,74","1,76","4,3",-20.270833,-40.305833
2020-06-11,4347,00:00,ES,VITORIA,A612,NULL,"21,53","35,3","-45,9",0,"69,29","1,33","3,41",-20.270833,-40.305833
2020-07-01,4827,00:00,ES,VITORIA,A612,NULL,"19,38","32,4","-36,2","0,06","69,32","2,33","6,05",-20.270833,-40.305833
2020-09-12,6579,00:00,ES,VITORIA,A612,NULL,"24,31","38,9","-42,8",0,"49,16","2,13","5,06",-20.270833,-40.305833
2020-11-08,7947,00:00,ES,VITORIA,A612,"24,1","24,42","39,9","-27,2","0,03","63,3","1,92","4,74",-20.270833,-40.305833
2021-03-27,1266,00:00,MG,SAO SEBASTIAO DO PARAISO,A561,NULL,"24,46","37,3","-36,3","0,05","67,98","1,52","3,91",-20.909892,-47.114259
2020-09-29,6987,00:00,ES,VITORIA,A612,NULL,"25,69","41,1","-44,4","0,02","54,07","2,08","5,1",-20.270833,-40.305833
2020-03-31,2619,00:00,ES,VITORIA,A612,NULL,"23,33","34,5","-35,4","0,1","77,31","1,46","3,74",-20.270833,-40.305833
2020-06-13,4395,00:00,ES,VITORIA,A612,NULL,"21,05","35,4",-42,0,"67,84","1,21","3,07",-20.270833,-40.305833
2021-02-24,522,00:00,MG,SAO SEBASTIAO DO PARAISO,A561,NULL,"24,04","36,7","-28,5","0,09","72,24","1,52","4,06",-20.909892,-47.114259
2020-01-16,819,00:00,ES,VITORIA,A612,"25,9","26,02","38,2","-16,3","0,18","70,47","1,64","4,29",-20.270833,-40.305833
2021-02-18,378,00:00,MG,SAO SEBASTIAO DO PARAISO,A561,NULL,"23,47","34,2","-23,5","0,46","79,4","1,69","4,63",-20.909892,-47.114259
2021-04-27,2010,00:00,MG,SAO SEBASTIAO DO PARAISO,A561,NULL,"21,82","34,4","-39,8","0,11","74,63","1,37","3,62",-20.909892,-47.114259
2020-03-20,2355,00:00,ES,VITORIA,A612,26,"23,72","36,5","-34,5","0,41",81,"1,56","4,26",-20.270833,-40.305833
2020-10-08,7203,00:00,ES,VITORIA,A612,NULL,"26,27","43,1","-38,7","0,08","56,36","1,99","5,36",-20.270833,-40.305833
2020-10-14,7347,00:00,ES,VITORIA,A612,"23,3","25,08","39,9","-39,1","0,09","61,64","2,24","5,61",-20.270833,-40.305833
2020-10-22,7539,00:00,ES,VITORIA,A612,NULL,"22,07","34,7","-41,9","0,21","73,96","2,42","5,75",-20.270833,-40.305833
2020-12-29,387,00:00,MG,BURITIS,A544,"21,2","23,67","35,2","-18,7","0,2","74,07","1,72","4,53",-15.524167,-46.435556
2020-11-12,8043,00:00,ES,VITORIA,A612,"24,9","23,29","36,4","-22,1","0,35","75,23","1,71","4,51",-20.270833,-40.305833
2021-01-31,2826,00:00,SP,BRAGANCA PAULISTA,A744,27,"25,52","39,3","-22,4","0,07","63,52","1,88","4,83",-22.951944,-46.530556
2020-09-30,7011,00:00,ES,VITORIA,A612,NULL,"26,52","41,9","-44,5",0,"52,78","2,36","5,55",-20.270833,-40.305833
2020-02-16,1563,00:00,ES,VITORIA,A612,"26,5","24,96","37,6","-26,8","0,15","75,31","1,68","4,43",-20.270833,-40.305833
2020-03-23,2427,00:00,ES,VITORIA,A612,24,"21,57","32,7","-42,4","0,1","76,15","2,16","5,25",-20.270833,-40.305833
2020-03-28,2547,00:00,ES,VITORIA,A612,NULL,"22,55","34,6","-38,7","0,03","74,07","1,77","4,34",-20.270833,-40.305833
2020-05-07,3507,00:00,ES,VITORIA,A612,"22,3","19,01","34,7","-43,6","0,24","79,43","1,89","4,84",-20.270833,-40.305833
2020-09-20,6771,00:00,ES,VITORIA,A612,"23,8","22,89","39,5","-43,3","0,11","61,71","2,12","5,24",-20.270833,-40.305833
2020-11-14,8091,00:00,ES,VITORIA,A612,"24,9","22,9","35,7","-23,7","0,21","77,57","1,62","4,35",-20.270833,-40.305833
2020-10-07,7179,00:00,ES,VITORIA,A612,NULL,"27,49","43,5",-40,"0,03","51,57","1,81","4,65",-20.270833,-40.305833
2020-01-15,795,00:00,ES,VITORIA,A612,"24,6","25,03","37,3","-15,8","0,01","69,99","1,76","4,48",-20.270833,-40.305833
2020-10-02,7059,00:00,ES,VITORIA,A612,NULL,"27,45","42,8","-40,4",0,"46,15","2,04","4,9",-20.270833,-40.305833
2020-01-20,915,00:00,ES,VITORIA,A612,"24,9","23,46","38,2","-18,5","0,26","77,23","1,8","4,63",-20.270833,-40.305833
2020-02-17,1587,00:00,ES,VITORIA,A612,"25,7","24,51","36,7","-27,1","0,29","76,95","1,87","4,77",-20.270833,-40.305833
2020-04-16,3003,00:00,ES,VITORIA,A612,"24,7","21,19","34,4","-37,8","0,08","79,37","1,21","3,3",-20.270833,-40.305833
2020-10-10,7251,00:00,ES,VITORIA,A612,NULL,"23,7","42,5","-44,9","0,09","65,34","2,13","5,54",-20.270833,-40.305833
2021-02-14,282,00:00,MG,SAO SEBASTIAO DO PARAISO,A561,NULL,"23,27","35,6","-28,3","0,34","77,82","1,56","4,16",-20.909892,-47.114259
2020-06-03,4155,00:00,ES,VITORIA,A612,NULL,"19,4","32,5","-33,3","0,03","76,87","1,1","2,95",-20.270833,-40.305833
2020-12-06,8619,00:00,ES,VITORIA,A612,"25,9","22,82","33,9","-14,9","0,36","82,61","1,87","4,8",-20.270833,-40.305833
2021-01-15,2442,00:00,SP,BRAGANCA PAULISTA,A744,20,"23,18","36,6","-20,9","0,25","78,16","1,96","4,95",-22.951944,-46.530556
2021-03-16,1002,00:00,MG,SAO SEBASTIAO DO PARAISO,A561,NULL,"23,62","35,3","-28,7","0,09","71,4","1,44","3,8",-20.909892,-47.114259
2020-08-19,6003,00:00,ES,VITORIA,A612,NULL,"22,15","37,6","-48,9","0,03","65,65","2,43","5,91",-20.270833,-40.305833
2020-11-21,8259,00:00,ES,VITORIA,A612,23,"21,52","33,5","-19,2","0,08","71,44","1,94","4,82",-20.270833,-40.305833
2020-12-14,27,00:00,MG,BURITIS,A544,"22,2","24,28","38,3",-13,"0,13","69,75","1,75","4,58",-15.524167,-46.435556
2021-01-29,2778,00:00,SP,BRAGANCA PAULISTA,A744,"23,6","25,06",40,"-22,1","0,06","62,55","1,83","4,64",-22.951944,-46.530556
2020-02-28,1851,00:00,ES,VITORIA,A612,"25,1","21,49","34,8","-37,7","0,7","86,01","1,68","4,27",-20.270833,-40.305833
2020-07-04,4899,00:00,ES,VITORIA,A612,NULL,"18,04","32,8",-43,"0,01","70,74","1,65","3,95",-20.270833,-40.305833
2020-10-24,7587,00:00,ES,VITORIA,A612,NULL,"20,56","32,5","-36,2","0,47","81,95","1,96","4,74",-20.270833,-40.305833
2020-08-18,5979,00:00,ES,VITORIA,A612,NULL,"21,39","35,9","-49,1","0,09","69,61","2,18","5,23",-20.270833,-40.305833
2021-04-22,1890,00:00,MG,SAO SEBASTIAO DO PARAISO,A561,NULL,"20,32","34,4","-46,1","0,05","71,74","1,64","4,17",-20.909892,-47.114259
2020-09-21,6795,00:00,ES,VITORIA,A612,"24,2","20,94","36,7","-46,9","0,19","70,93","2,31","5,62",-20.270833,-40.305833
2021-01-11,2346,00:00,SP,BRAGANCA PAULISTA,A744,"21,3","24,86","36,3","-19,4","0,27","77,42","1,76","4,55",-22.951944,-46.530556
2021-02-03,18,00:00,MG,SAO SEBASTIAO DO PARAISO,A561,NULL,"25,22","38,8","-20,3","0,1","68,73","1,84","4,74",-20.909892,-47.114259
2021-02-13,258,00:00,MG,SAO SEBASTIAO DO PARAISO,A561,NULL,"22,75","34,6","-26,3","0,27","80,66","1,51","3,89",-20.909892,-47.114259
2020-01-01,459,00:00,ES,VITORIA,A612,"24,4","24,98","38,3","-16,7","0,14","69,64","1,91","5,04",-20.270833,-40.305833
2020-03-04,1971,00:00,ES,VITORIA,A612,"25,5","22,49",36,"-22,4","0,3","80,7","1,49",4,-20.270833,-40.305833
2020-09-15,6651,00:00,ES,VITORIA,A612,"21,2","22,2","36,2","-35,1","0,04","58,44","2,5","6,09",-20.270833,-40.305833
2020-10-31,7755,00:00,ES,VITORIA,A612,"23,7","20,12","31,5","-29,5","0,79","81,64","2,6","6,23",-20.270833,-40.305833
2020-07-22,5331,00:00,ES,VITORIA,A612,NULL,"19,37","32,4","-45,2",0,"64,77","1,31","3,39",-20.270833,-40.305833
2021-01-08,2274,00:00,SP,BRAGANCA PAULISTA,A744,"20,2","24,48","38,6","-19,4","0,27","75,17","1,65","4,47",-22.951944,-46.530556
2021-02-23,498,00:00,MG,SAO SEBASTIAO DO PARAISO,A561,NULL,"23,72","36,5","-27,9","0,11","73,76","1,49","4,03",-20.909892,-47.114259
2020-07-09,5019,00:00,ES,VITORIA,A612,NULL,"18,85","32,6","-43,9",0,"67,59","1,51","3,95",-20.270833,-40.305833
2020-07-13,5115,00:00,ES,VITORIA,A612,NULL,"20,33","34,9","-41,6",0,"64,26","1,27","3,26",-20.270833,-40.305833
2020-08-14,5883,00:00,ES,VITORIA,A612,NULL,"21,79","36,6","-45,4",0,"62,17","1,9","4,71",-20.270833,-40.305833
2020-09-23,6843,00:00,ES,VITORIA,A612,"22,6","19,52","35,5","-46,2","0,16","76,54","2,38","5,62",-20.270833,-40.305833
2020-10-21,7515,00:00,ES,VITORIA,A612,NULL,"22,01","36,9","-39,9","0,14","77,28","1,72","4,28",-20.270833,-40.305833
2020-04-05,2739,00:00,ES,VITORIA,A612,"24,7","22,31","34,4","-39,7","0,02","73,29","1,41","3,58",-20.270833,-40.305833
2020-05-29,4035,00:00,ES,VITORIA,A612,NULL,"16,28","28,8","-38,4",0,"67,81","1,52","3,68",-20.270833,-40.305833
2021-01-02,2130,00:00,SP,BRAGANCA PAULISTA,A744,NULL,"22,87","36,6","-19,5","0,45","77,58","1,56","4,26",-22.951944,-46.530556
2021-01-12,2370,00:00,SP,BRAGANCA PAULISTA,A744,"20,8","24,52","36,6","-19,3","0,28","77,41","1,72","4,46",-22.951944,-46.530556
2021-03-06,762,00:00,MG,SAO SEBASTIAO DO PARAISO,A561,NULL,"23,45","39,1","-27,2","0,37","77,38","1,7","4,58",-20.909892,-47.114259
2020-02-02,1227,00:00,ES,VITORIA,A612,"26,1","24,51","36,2","-17,8","0,31","78,16","1,46","3,95",-20.270833,-40.305833
2020-04-08,2811,00:00,ES,VITORIA,A612,"27,6","22,03","36,5","-32,2","0,33","81,87","1,68","4,44",-20.270833,-40.305833
2020-04-02,2667,00:00,ES,VITORIA,A612,"24,1",24,"35,5","-40,8","0,07","75,97","1,63","4,2",-20.270833,-40.305833
2020-08-30,6267,00:00,ES,VITORIA,A612,"21,8","22,5","37,7","-51,4","0,01","55,91","1,9","4,7",-20.270833,-40.305833
2020-11-25,8355,00:00,ES,VITORIA,A612,"21,7","22,91","36,1","-20,1","0,08","71,72","2,2","5,41",-20.270833,-40.305833
2021-01-13,2394,00:00,SP,BRAGANCA PAULISTA,A744,"22,2","24,36","37,3","-19,2","0,24","76,79","1,84","4,66",-22.951944,-46.530556
2020-01-14,771,00:00,ES,VITORIA,A612,"26,2","24,45",38,"-15,5","0,1","73,37","1,75","4,45",-20.270833,-40.305833
2020-05-31,4083,00:00,ES,VITORIA,A612,NULL,"17,21","30,4","-29,8",0,"69,04","1,15","3,04",-20.270833,-40.305833
2020-07-06,4947,00:00,ES,VITORIA,A612,NULL,"19,77",33,"-42,7",0,"68,68","1,44","3,67",-20.270833,-40.305833
2020-10-01,7035,00:00,ES,VITORIA,A612,"24,1","26,9","41,6","-41,3",0,"50,9","2,39","5,63",-20.270833,-40.305833
2020-04-11,2883,00:00,ES,VITORIA,A612,"22,5","21,02","33,4","-41,2","0,08","76,79","1,49","3,85",-20.270833,-40.305833
2020-11-07,7923,00:00,ES,VITORIA,A612,"22,8","22,97","38,1","-22,5","0,02","65,12","1,88","4,79",-20.270833,-40.305833
2020-10-17,7419,00:00,ES,VITORIA,A612,"20,8","20,53","38,2",-43,"0,07",71,"2,42","5,76",-20.270833,-40.305833
2021-03-03,690,00:00,MG,SAO SEBASTIAO DO PARAISO,A561,NULL,"23,42","36,6","-34,6","0,03","72,23","1,78","4,43",-20.909892,-47.114259
2021-03-31,1362,00:00,MG,SAO SEBASTIAO DO PARAISO,A561,NULL,"22,88","38,3","-40,5","0,16","72,04","1,65","4,51",-20.909892,-47.114259
2021-04-01,1386,00:00,MG,SAO SEBASTIAO DO PARAISO,A561,NULL,"22,43","38,1",-33,"0,07","69,65","1,68","4,34",-20.909892,-47.114259
2021-04-09,1578,00:00,MG,SAO SEBASTIAO DO PARAISO,A561,NULL,"21,23","32,3","-41,7","0,02","68,97","2,16","5,17",-20.909892,-47.114259
2020-02-03,1251,00:00,ES,VITORIA,A612,"25,8","24,27","36,7","-16,7","0,52","78,7","1,65","4,45",-20.270833,-40.305833
2020-03-18,2307,00:00,ES,VITORIA,A612,"24,6","24,07",36,"-35,8","0,06","75,78","1,32","3,64",-20.270833,-40.305833
2021-04-05,1482,00:00,MG,SAO SEBASTIAO DO PARAISO,A561,NULL,"21,92","34,5","-44,3","0,04","72,86","2,01","4,92",-20.909892,-47.114259
2020-06-02,4131,00:00,ES,VITORIA,A612,NULL,"18,04","32,2","-27,9","0,05","74,11","1,21","3,22",-20.270833,-40.305833
2020-07-20,5283,00:00,ES,VITORIA,A612,NULL,"18,46","31,3","-48,8","0,02","68,41","1,71","4,23",-20.270833,-40.305833
2021-02-07,114,00:00,MG,SAO SEBASTIAO DO PARAISO,A561,NULL,"21,29","33,1","-22,3","0,87","81,46","1,76","4,55",-20.909892,-47.114259
2021-02-28,618,00:00,MG,SAO SEBASTIAO DO PARAISO,A561,NULL,"22,3","33,9","-34,5","0,2","79,58","2,03","5,03",-20.909892,-47.114259
2020-01-29,1131,00:00,ES,VITORIA,A612,"26,4","24,41","36,1","-21,3","0,36","78,28","1,74","4,56",-20.270833,-40.305833
2020-02-07,1347,00:00,ES,VITORIA,A612,"24,7","22,52","35,8","-17,1","0,35","82,84","1,9","4,95",-20.270833,-40.305833
2020-05-15,3699,00:00,ES,VITORIA,A612,"22,8","19,49","34,2","-39,8","0,36","83,47","1,43","3,76",-20.270833,-40.305833
2020-05-26,3963,00:00,ES,VITORIA,A612,NULL,"16,42","31,3","-41,1","0,01","68,66","1,73","4,42",-20.270833,-40.305833
2020-10-23,7563,00:00,ES,VITORIA,A612,"23,2","21,75","35,1","-36,9","0,1","71,44","2,6","6,1",-20.270833,-40.305833
2020-11-30,8475,00:00,ES,VITORIA,A612,"22,5","24,3","38,4","-22,3","0,08","65,05","1,91","4,84",-20.270833,-40.305833
2020-12-07,8643,00:00,ES,VITORIA,A612,"25,4","22,72","33,9","-19,9","0,62","83,41","1,81","4,61",-20.270833,-40.305833
2020-04-18,3051,00:00,ES,VITORIA,A612,"24,3","20,81","31,9","-41,1","0,04","77,04","2,02","4,93",-20.270833,-40.305833
2021-03-19,1074,00:00,MG,SAO SEBASTIAO DO PARAISO,A561,NULL,"23,6","35,5","-26,4","0,07","73,89","1,74","4,44",-20.909892,-47.114259
2020-12-05,8595,00:00,ES,VITORIA,A612,"26,2","24,12","35,1","-17,3","0,31","77,79","1,85","4,8",-20.270833,-40.305833
2020-10-27,7659,00:00,ES,VITORIA,A612,"22,5","23,42",37,"-26,7","0,05","70,25","1,79","4,62",-20.270833,-40.305833
2020-08-31,6291,00:00,ES,VITORIA,A612,"23,1","22,32","36,9","-43,2",0,"59,44","2,29","5,32",-20.270833,-40.305833
2020-10-26,7635,00:00,ES,VITORIA,A612,"21,3","22,15","34,9","-26,9","0,28","75,17","1,81","4,69",-20.270833,-40.305833
2020-12-11,8739,00:00,ES,VITORIA,A612,"22,7","22,3","33,6","-17,7","0,26","79,57","1,54","4,1",-20.270833,-40.305833
2020-09-10,6531,00:00,ES,VITORIA,A612,"23,2","23,47","39,6","-47,9",0,"53,36","1,94","4,78",-20.270833,-40.305833
2020-07-30,5523,00:00,ES,VITORIA,A612,NULL,"18,67","32,2","-49,2","0,18","70,06","2,17","5,3",-20.270833,-40.305833
2020-09-02,6339,00:00,ES,VITORIA,A612,"21,3","21,34","35,4","-43,5","0,01","63,2","2,61","6,07",-20.270833,-40.305833
2020-11-23,8307,00:00,ES,VITORIA,A612,"22,6","21,94","36,1","-18,9","0,24","74,13","2,17","5,35",-20.270833,-40.305833
2021-01-06,2226,00:00,SP,BRAGANCA PAULISTA,A744,"24,6","24,78","37,1","-17,2","0,18","73,95","1,53","4,07",-22.951944,-46.530556
2021-01-20,2562,00:00,SP,BRAGANCA PAULISTA,A744,"22,2","24,6","36,2","-17,4","0,04","66,2","1,87","4,7",-22.951944,-46.530556
2021-01-28,2754,00:00,SP,BRAGANCA PAULISTA,A744,"25,2","24,76","39,8","-21,5","0,04","62,34","1,82","4,73",-22.951944,-46.530556
2020-06-29,4779,00:00,ES,VITORIA,A612,NULL,"17,72","29,9","-40,1","0,05","76,39","2,18","5,16",-20.270833,-40.305833
2020-05-18,3771,00:00,ES,VITORIA,A612,"21,7","19,46","30,9","-37,8",0,"73,26","1,35","3,35",-20.270833,-40.305833
2020-06-30,4803,00:00,ES,VITORIA,A612,NULL,"18,65","30,1","-39,8","0,03","73,85","2,41","5,81",-20.270833,-40.305833
2020-10-20,7491,00:00,ES,VITORIA,A612,"20,7","20,87","34,9","-40,2","0,27","79,97","1,81","4,45",-20.270833,-40.305833
2021-04-10,1602,00:00,MG,SAO SEBASTIAO DO PARAISO,A561,NULL,"21,08","33,3","-39,5",0,"66,4","1,74","4,2",-20.909892,-47.114259
2021-04-12,1650,00:00,MG,SAO SEBASTIAO DO PARAISO,A561,NULL,"22,29",36,"-37,3",0,"63,08","1,34","3,51",-20.909892,-47.114259
2020-04-22,3147,00:00,ES,VITORIA,A612,NULL,"20,7","31,6",-42,"0,01","73,96","1,4","3,55",-20.270833,-40.305833
2020-05-22,3867,00:00,ES,VITORIA,A612,"19,2","20,33","32,5","-37,3","0,05","73,62","1,83","4,44",-20.270833,-40.305833
2020-08-06,5691,00:00,ES,VITORIA,A612,NULL,"17,54","30,6","-42,1","0,01","62,99","2,17","5,14",-20.270833,-40.305833
2020-06-01,4107,00:00,ES,VITORIA,A612,NULL,"17,67",31,-25,0,"68,56","1,04","2,82",-20.270833,-40.305833
2021-02-04,42,00:00,MG,SAO SEBASTIAO DO PARAISO,A561,NULL,"25,44","40,1",-25,"0,1","69,49","1,92","4,96",-20.909892,-47.114259
2021-03-11,882,00:00,MG,SAO SEBASTIAO DO PARAISO,A561,NULL,"23,25","36,4","-36,2","0,16","78,02","1,52","3,99",-20.909892,-47.114259
